Attraction,Category,Area
Achasan Echological Park,Park,Gwangjin District
Bangi-dong Marsh Area,Park,Songpa District
Boramae Park,Park,Dongjak District
Dongmyo Park,Park,Jongno District
Cheonhodong Park,Park,Gangdong District
National Folk Museum of Korea,Museum,"35 Samcheongdong-gil,Jongno District"
National Memorial of the Korean Provisional Government,Museum,"79-24 Tongil-ro, Seodaemun-gu, Seoul (03732)"
National Museum of Korea,Museum,"Yongsan-dong,Yongsan District"
National Museum of Korean Contemporary History,Museum,"198 Saejongdae-ro,Jongno District, Seoul"
National Palace Museum of Korea,Museum,"Sajikno 34 (Sejongno),Jongno District"
